"REF_DATE","GEO","DGUID","North American Industry Classification System (NAICS)","Summary statistics","UOM","UOM_ID","SCALAR_FACTOR","SCALAR_ID","VECTOR","COORDINATE","VALUE","STATUS","SYMBOL","TERMINATED","DECIMALS"
"2012","Canada","2016A000011124","Engineering services [54133]","Operating revenue","Dollars","81","millions","6","v99920202","1.1.1","28960.0","","","","1"
"2012","Canada","2016A000011124","Engineering services [54133]","Operating expenses","Dollars","81","millions","6","v99920203","1.1.2","25701.5","","","","1"
"2012","Canada","2016A000011124","Engineering services [54133]","Salaries, wages, commissions and benefits","Dollars","81","millions","6","v99920204","1.1.3","11488.3","","","","1"
"2012","Canada","2016A000011124","Engineering services [54133]","Operating profit margin","Percent","239","units","0","v99920205","1.1.4","11.3","","","","1"
"2012","Newfoundland and Labrador","2016A000210","Engineering services [54133]","Operating revenue","Dollars","81","millions","6","v99920206","2.1.1","470.7","","","","1"
"2012","Newfoundland and Labrador","2016A000210","Engineering services [54133]","Operating expenses","Dollars","81","millions","6","v99920207","2.1.2","404.6","","","","1"
"2012","Newfoundland and Labrador","2016A000210","Engineering services [54133]","Salaries, wages, commissions and benefits","Dollars","81","millions","6","v99920208","2.1.3","178.1","","","","1"
"2012","Newfoundland and Labrador","2016A000210","Engineering services [54133]","Operating profit margin","Percent","239","units","0","v99920209","2.1.4","14.0","","","","1"
"2012","Prince Edward Island","2016A000211","Engineering services [54133]","Operating revenue","Dollars","81","millions","6","v99920210","3.1.1","15.9","","","","1"
"2012","Prince Edward Island","2016A000211","Engineering services [54133]","Operating expenses","Dollars","81","millions","6","v99920211","3.1.2","14.6","","","","1"
"2012","Prince Edward Island","2016A000211","Engineering services [54133]","Salaries, wages, commissions and benefits","Dollars","81","millions","6","v99920212","3.1.3","","x","","","1"
"2012","Prince Edward Island","2016A000211","Engineering services [54133]","Operating profit margin","Percent","239","units","0","v99920213","3.1.4","8.4","","","","1"
"2012","Nova Scotia","2016A000212","Engineering services [54133]","Operating revenue","Dollars","81","millions","6","v99920214","4.1.1","385.5","","","","1"
"2012","Nova Scotia","2016A000212","Engineering services [54133]","Operating expenses","Dollars","81","millions","6","v99920215","4.1.2","356.5","","","","1"
"2012","Nova Scotia","2016A000212","Engineering services [54133]","Salaries, wages, commissions and benefits","Dollars","81","millions","6","v99920216","4.1.3","167.2","","","","1"
"2012","Nova Scotia","2016A000212","Engineering services [54133]","Operating profit margin","Percent","239","units","0","v99920217","4.1.4","7.5","","","","1"
"2012","New Brunswick","2016A000213","Engineering services [54133]","Operating revenue","Dollars","81","millions","6","v99920218","5.1.1","326.4","","","","1"
"2012","New Brunswick","2016A000213","Engineering services [54133]","Operating expenses","Dollars","81","millions","6","v99920219","5.1.2","302.1","","","","1"
"2012","New Brunswick","2016A000213","Engineering services [54133]","Salaries, wages, commissions and benefits","Dollars","81","millions","6","v99920220","5.1.3","149.6","","","","1"
"2012","New Brunswick","2016A000213","Engineering services [54133]","Operating profit margin","Percent","239","units","0","v99920221","5.1.4","7.4","","","","1"
"2012","Quebec","2016A000224","Engineering services [54133]","Operating revenue","Dollars","81","millions","6","v99920222","6.1.1","5691.1","","","","1"
"2012","Quebec","2016A000224","Engineering services [54133]","Operating expenses","Dollars","81","millions","6","v99920223","6.1.2","4941.6","","","","1"
"2012","Quebec","2016A000224","Engineering services [54133]","Salaries, wages, commissions and benefits","Dollars","81","millions","6","v99920224","6.1.3","2134.1","","","","1"
"2012","Quebec","2016A000224","Engineering services [54133]","Operating profit margin","Percent","239","units","0","v99920225","6.1.4","13.2","","","","1"
"2012","Ontario","2016A000235","Engineering services [54133]","Operating revenue","Dollars","81","millions","6","v99920226","7.1.1","7069.4","","","","1"
"2012","Ontario","2016A000235","Engineering services [54133]","Operating expenses","Dollars","81","millions","6","v99920227","7.1.2","6359.9","","","","1"
"2012","Ontario","2016A000235","Engineering services [54133]","Salaries, wages, commissions and benefits","Dollars","81","millions","6","v99920228","7.1.3","3169.7","","","","1"
"2012","Ontario","2016A000235","Engineering services [54133]","Operating profit margin","Percent","239","units","0","v99920229","7.1.4","10.1","","","","1"
"2012","Manitoba","2016A000246","Engineering services [54133]","Operating revenue","Dollars","81","millions","6","v99920230","8.1.1","371.9","","","","1"
"2012","Manitoba","2016A000246","Engineering services [54133]","Operating expenses","Dollars","81","millions","6","v99920231","8.1.2","316.6","","","","1"
"2012","Manitoba","2016A000246","Engineering services [54133]","Salaries, wages, commissions and benefits","Dollars","81","millions","6","v99920232","8.1.3","161.8","","","","1"
"2012","Manitoba","2016A000246","Engineering services [54133]","Operating profit margin","Percent","239","units","0","v99920233","8.1.4","14.9","","","","1"
"2012","Saskatchewan","2016A000247","Engineering services [54133]","Operating revenue","Dollars","81","millions","6","v99920234","9.1.1","822.4","","","","1"
"2012","Saskatchewan","2016A000247","Engineering services [54133]","Operating expenses","Dollars","81","millions","6","v99920235","9.1.2","725.6","","","","1"
"2012","Saskatchewan","2016A000247","Engineering services [54133]","Salaries, wages, commissions and benefits","Dollars","81","millions","6","v99920236","9.1.3","342.8","","","","1"
"2012","Saskatchewan","2016A000247","Engineering services [54133]","Operating profit margin","Percent","239","units","0","v99920237","9.1.4","11.6","","","","1"
"2012","Alberta","2016A000248","Engineering services [54133]","Operating revenue","Dollars","81","millions","6","v99920238","10.1.1","10038.8","","","","1"
"2012","Alberta","2016A000248","Engineering services [54133]","Operating expenses","Dollars","81","millions","6","v99920239","10.1.2","8888.2","","","","1"
"2012","Alberta","2016A000248","Engineering services [54133]","Salaries, wages, commissions and benefits","Dollars","81","millions","6","v99920240","10.1.3","3565.0","","","","1"
"2012","Alberta","2016A000248","Engineering services [54133]","Operating profit margin","Percent","239","units","0","v99920241","10.1.4","11.5","","","","1"
"2012","British Columbia","2016A000259","Engineering services [54133]","Operating revenue","Dollars","81","millions","6","v99920242","11.1.1","3699.8","","","","1"
"2012","British Columbia","2016A000259","Engineering services [54133]","Operating expenses","Dollars","81","millions","6","v99920243","11.1.2","3338.4","","","","1"
"2012","British Columbia","2016A000259","Engineering services [54133]","Salaries, wages, commissions and benefits","Dollars","81","millions","6","v99920244","11.1.3","1591.0","","","","1"
"2012","British Columbia","2016A000259","Engineering services [54133]","Operating profit margin","Percent","239","units","0","v99920245","11.1.4","9.8","","","","1"
"2012","Yukon","2016A000260","Engineering services [54133]","Operating revenue","Dollars","81","millions","6","v99920246","12.1.1","30.4","","","","1"
"2012","Yukon","2016A000260","Engineering services [54133]","Operating expenses","Dollars","81","millions","6","v99920247","12.1.2","21.5","","","","1"
"2012","Yukon","2016A000260","Engineering services [54133]","Salaries, wages, commissions and benefits","Dollars","81","millions","6","v99920248","12.1.3","7.7","","","","1"
"2012","Yukon","2016A000260","Engineering services [54133]","Operating profit margin","Percent","239","units","0","v99920249","12.1.4","29.3","","","","1"
"2012","Northwest Territories","2016A000261","Engineering services [54133]","Operating revenue","Dollars","81","millions","6","v99920250","13.1.1","30.3","","","","1"
"2012","Northwest Territories","2016A000261","Engineering services [54133]","Operating expenses","Dollars","81","millions","6","v99920251","13.1.2","26.4","","","","1"
"2012","Northwest Territories","2016A000261","Engineering services [54133]","Salaries, wages, commissions and benefits","Dollars","81","millions","6","v99920252","13.1.3","11.0","","","","1"
"2012","Northwest Territories","2016A000261","Engineering services [54133]","Operating profit margin","Percent","239","units","0","v99920253","13.1.4","13.1","","","","1"
"2012","Nunavut","2016A000262","Engineering services [54133]","Operating revenue","Dollars","81","millions","6","v99920254","14.1.1","7.4","","","","1"
"2012","Nunavut","2016A000262","Engineering services [54133]","Operating expenses","Dollars","81","millions","6","v99920255","14.1.2","5.6","","","","1"
"2012","Nunavut","2016A000262","Engineering services [54133]","Salaries, wages, commissions and benefits","Dollars","81","millions","6","v99920256","14.1.3","","x","","","1"
"2012","Nunavut","2016A000262","Engineering services [54133]","Operating profit margin","Percent","239","units","0","v99920257","14.1.4","25.1","","","","1"
"2013","Canada","2016A000011124","Engineering services [54133]","Operating revenue","Dollars","81","millions","6","v99920202","1.1.1","32271.3","","","","1"
"2013","Canada","2016A000011124","Engineering services [54133]","Operating expenses","Dollars","81","millions","6","v99920203","1.1.2","28731.7","","","","1"
"2013","Canada","2016A000011124","Engineering services [54133]","Salaries, wages, commissions and benefits","Dollars","81","millions","6","v99920204","1.1.3","11646.4","","","","1"
"2013","Canada","2016A000011124","Engineering services [54133]","Operating profit margin","Percent","239","units","0","v99920205","1.1.4","11.0","","","","1"
"2013","Newfoundland and Labrador","2016A000210","Engineering services [54133]","Operating revenue","Dollars","81","millions","6","v99920206","2.1.1","569.3","","","","1"
"2013","Newfoundland and Labrador","2016A000210","Engineering services [54133]","Operating expenses","Dollars","81","millions","6","v99920207","2.1.2","484.7","","","","1"
"2013","Newfoundland and Labrador","2016A000210","Engineering services [54133]","Salaries, wages, commissions and benefits","Dollars","81","millions","6","v99920208","2.1.3","203.5","","","","1"
"2013","Newfoundland and Labrador","2016A000210","Engineering services [54133]","Operating profit margin","Percent","239","units","0","v99920209","2.1.4","14.9","","","","1"
"2013","Prince Edward Island","2016A000211","Engineering services [54133]","Operating revenue","Dollars","81","millions","6","v99920210","3.1.1","20.2","","","","1"
"2013","Prince Edward Island","2016A000211","Engineering services [54133]","Operating expenses","Dollars","81","millions","6","v99920211","3.1.2","17.7","","","","1"
"2013","Prince Edward Island","2016A000211","Engineering services [54133]","Salaries, wages, commissions and benefits","Dollars","81","millions","6","v99920212","3.1.3","","x","","","1"
"2013","Prince Edward Island","2016A000211","Engineering services [54133]","Operating profit margin","Percent","239","units","0","v99920213","3.1.4","12.5","","","","1"
"2013","Nova Scotia","2016A000212","Engineering services [54133]","Operating revenue","Dollars","81","millions","6","v99920214","4.1.1","378.9","","","","1"
"2013","Nova Scotia","2016A000212","Engineering services [54133]","Operating expenses","Dollars","81","millions","6","v99920215","4.1.2","338.8","","","","1"
"2013","Nova Scotia","2016A000212","Engineering services [54133]","Salaries, wages, commissions and benefits","Dollars","81","millions","6","v99920216","4.1.3","176.2","","","","1"
"2013","Nova Scotia","2016A000212","Engineering services [54133]","Operating profit margin","Percent","239","units","0","v99920217","4.1.4","10.6","","","","1"
"2013","New Brunswick","2016A000213","Engineering services [54133]","Operating revenue","Dollars","81","millions","6","v99920218","5.1.1","229.9","","","","1"
"2013","New Brunswick","2016A000213","Engineering services [54133]","Operating expenses","Dollars","81","millions","6","v99920219","5.1.2","213.5","","","","1"
"2013","New Brunswick","2016A000213","Engineering services [54133]","Salaries, wages, commissions and benefits","Dollars","81","millions","6","v99920220","5.1.3","123.8","","","","1"
"2013","New Brunswick","2016A000213","Engineering services [54133]","Operating profit margin","Percent","239","units","0","v99920221","5.1.4","7.1","","","","1"
"2013","Quebec","2016A000224","Engineering services [54133]","Operating revenue","Dollars","81","millions","6","v99920222","6.1.1","4035.3","","","","1"
"2013","Quebec","2016A000224","Engineering services [54133]","Operating expenses","Dollars","81","millions","6","v99920223","6.1.2","3888.1","","","","1"
"2013","Quebec","2016A000224","Engineering services [54133]","Salaries, wages, commissions and benefits","Dollars","81","millions","6","v99920224","6.1.3","2020.8","","","","1"
"2013","Quebec","2016A000224","Engineering services [54133]","Operating profit margin","Percent","239","units","0","v99920225","6.1.4","3.6","","","","1"
"2013","Ontario","2016A000235","Engineering services [54133]","Operating revenue","Dollars","81","millions","6","v99920226","7.1.1","7438.3","","","","1"
"2013","Ontario","2016A000235","Engineering services [54133]","Operating expenses","Dollars","81","millions","6","v99920227","7.1.2","6757.3","","","","1"
"2013","Ontario","2016A000235","Engineering services [54133]","Salaries, wages, commissions and benefits","Dollars","81","millions","6","v99920228","7.1.3","3280.8","","","","1"
"2013","Ontario","2016A000235","Engineering services [54133]","Operating profit margin","Percent","239","units","0","v99920229","7.1.4","9.2","","","","1"
"2013","Manitoba","2016A000246","Engineering services [54133]","Operating revenue","Dollars","81","millions","6","v99920230","8.1.1","397.1","","","","1"
"2013","Manitoba","2016A000246","Engineering services [54133]","Operating expenses","Dollars","81","millions","6","v99920231","8.1.2","343.0","","","","1"
"2013","Manitoba","2016A000246","Engineering services [54133]","Salaries, wages, commissions and benefits","Dollars","81","millions","6","v99920232","8.1.3","186.2","","","","1"
"2013","Manitoba","2016A000246","Engineering services [54133]","Operating profit margin","Percent","239","units","0","v99920233","8.1.4","13.6","","","","1"
"2013","Saskatchewan","2016A000247","Engineering services [54133]","Operating revenue","Dollars","81","millions","6","v99920234","9.1.1","1584.1","","","","1"
"2013","Saskatchewan","2016A000247","Engineering services [54133]","Operating expenses","Dollars","81","millions","6","v99920235","9.1.2","1178.3","","","","1"
"2013","Saskatchewan","2016A000247","Engineering services [54133]","Salaries, wages, commissions and benefits","Dollars","81","millions","6","v99920236","9.1.3","309.1","","","","1"
"2013","Saskatchewan","2016A000247","Engineering services [54133]","Operating profit margin","Percent","239","units","0","v99920237","9.1.4","25.6","","","","1"
"2013","Alberta","2016A000248","Engineering services [54133]","Operating revenue","Dollars","81","millions","6","v99920238","10.1.1","13361.9","","","","1"
"2013","Alberta","2016A000248","Engineering services [54133]","Operating expenses","Dollars","81","millions","6","v99920239","10.1.2","11698.9","","","","1"
"2013","Alberta","2016A000248","Engineering services [54133]","Salaries, wages, commissions and benefits","Dollars","81","millions","6","v99920240","10.1.3","3586.7","","","","1"
"2013","Alberta","2016A000248","Engineering services [54133]","Operating profit margin","Percent","239","units","0","v99920241","10.1.4","12.4","","","","1"
"2013","British Columbia","2016A000259","Engineering services [54133]","Operating revenue","Dollars","81","millions","6","v99920242","11.1.1","4174.2","","","","1"
"2013","British Columbia","2016A000259","Engineering services [54133]","Operating expenses","Dollars","81","millions","6","v99920243","11.1.2","3741.9","","","","1"
"2013","British Columbia","2016A000259","Engineering services [54133]","Salaries, wages, commissions and benefits","Dollars","81","millions","6","v99920244","11.1.3","1724.0","","","","1"
"2013","British Columbia","2016A000259","Engineering services [54133]","Operating profit margin","Percent","239","units","0","v99920245","11.1.4","10.4","","","","1"
"2013","Yukon","2016A000260","Engineering services [54133]","Operating revenue","Dollars","81","millions","6","v99920246","12.1.1","39.8","","","","1"
"2013","Yukon","2016A000260","Engineering services [54133]","Operating expenses","Dollars","81","millions","6","v99920247","12.1.2","36.4","","","","1"
"2013","Yukon","2016A000260","Engineering services [54133]","Salaries, wages, commissions and benefits","Dollars","81","millions","6","v99920248","12.1.3","10.7","","","","1"
"2013","Yukon","2016A000260","Engineering services [54133]","Operating profit margin","Percent","239","units","0","v99920249","12.1.4","8.3","","","","1"
"2013","Northwest Territories","2016A000261","Engineering services [54133]","Operating revenue","Dollars","81","millions","6","v99920250","13.1.1","36.9","","","","1"
"2013","Northwest Territories","2016A000261","Engineering services [54133]","Operating expenses","Dollars","81","millions","6","v99920251","13.1.2","29.4","","","","1"
"2013","Northwest Territories","2016A000261","Engineering services [54133]","Salaries, wages, commissions and benefits","Dollars","81","millions","6","v99920252","13.1.3","13.9","","","","1"
"2013","Northwest Territories","2016A000261","Engineering services [54133]","Operating profit margin","Percent","239","units","0","v99920253","13.1.4","20.3","","","","1"
"2013","Nunavut","2016A000262","Engineering services [54133]","Operating revenue","Dollars","81","millions","6","v99920254","14.1.1","5.6","","","","1"
"2013","Nunavut","2016A000262","Engineering services [54133]","Operating expenses","Dollars","81","millions","6","v99920255","14.1.2","3.7","","","","1"
"2013","Nunavut","2016A000262","Engineering services [54133]","Salaries, wages, commissions and benefits","Dollars","81","millions","6","v99920256","14.1.3","","x","","","1"
"2013","Nunavut","2016A000262","Engineering services [54133]","Operating profit margin","Percent","239","units","0","v99920257","14.1.4","33.4","","","","1"
"2014","Canada","2016A000011124","Engineering services [54133]","Operating revenue","Dollars","81","millions","6","v99920202","1.1.1","33100.3","","","","1"
"2014","Canada","2016A000011124","Engineering services [54133]","Operating expenses","Dollars","81","millions","6","v99920203","1.1.2","28906.7","","","","1"
"2014","Canada","2016A000011124","Engineering services [54133]","Salaries, wages, commissions and benefits","Dollars","81","millions","6","v99920204","1.1.3","12063.7","","","","1"
"2014","Canada","2016A000011124","Engineering services [54133]","Operating profit margin","Percent","239","units","0","v99920205","1.1.4","12.7","","","","1"
"2014","Newfoundland and Labrador","2016A000210","Engineering services [54133]","Operating revenue","Dollars","81","millions","6","v99920206","2.1.1","587.0","","","","1"
"2014","Newfoundland and Labrador","2016A000210","Engineering services [54133]","Operating expenses","Dollars","81","millions","6","v99920207","2.1.2","490.5","","","","1"
"2014","Newfoundland and Labrador","2016A000210","Engineering services [54133]","Salaries, wages, commissions and benefits","Dollars","81","millions","6","v99920208","2.1.3","219.9","","","","1"
"2014","Newfoundland and Labrador","2016A000210","Engineering services [54133]","Operating profit margin","Percent","239","units","0","v99920209","2.1.4","16.4","","","","1"
"2014","Prince Edward Island","2016A000211","Engineering services [54133]","Operating revenue","Dollars","81","millions","6","v99920210","3.1.1","20.8","","","","1"
"2014","Prince Edward Island","2016A000211","Engineering services [54133]","Operating expenses","Dollars","81","millions","6","v99920211","3.1.2","15.2","","","","1"
"2014","Prince Edward Island","2016A000211","Engineering services [54133]","Salaries, wages, commissions and benefits","Dollars","81","millions","6","v99920212","3.1.3","","x","","","1"
"2014","Prince Edward Island","2016A000211","Engineering services [54133]","Operating profit margin","Percent","239","units","0","v99920213","3.1.4","27.1","","","","1"
"2014","Nova Scotia","2016A000212","Engineering services [54133]","Operating revenue","Dollars","81","millions","6","v99920214","4.1.1","352.7","","","","1"
"2014","Nova Scotia","2016A000212","Engineering services [54133]","Operating expenses","Dollars","81","millions","6","v99920215","4.1.2","289.4","","","","1"
"2014","Nova Scotia","2016A000212","Engineering services [54133]","Salaries, wages, commissions and benefits","Dollars","81","millions","6","v99920216","4.1.3","155.6","","","","1"
"2014","Nova Scotia","2016A000212","Engineering services [54133]","Operating profit margin","Percent","239","units","0","v99920217","4.1.4","18.0","","","","1"
"2014","New Brunswick","2016A000213","Engineering services [54133]","Operating revenue","Dollars","81","millions","6","v99920218","5.1.1","267.5","","","","1"
"2014","New Brunswick","2016A000213","Engineering services [54133]","Operating expenses","Dollars","81","millions","6","v99920219","5.1.2","251.8","","","","1"
"2014","New Brunswick","2016A000213","Engineering services [54133]","Salaries, wages, commissions and benefits","Dollars","81","millions","6","v99920220","5.1.3","125.9","","","","1"
"2014","New Brunswick","2016A000213","Engineering services [54133]","Operating profit margin","Percent","239","units","0","v99920221","5.1.4","5.9","","","","1"
"2014","Quebec","2016A000224","Engineering services [54133]","Operating revenue","Dollars","81","millions","6","v99920222","6.1.1","4018.1","","","","1"
"2014","Quebec","2016A000224","Engineering services [54133]","Operating expenses","Dollars","81","millions","6","v99920223","6.1.2","3605.0","","","","1"
"2014","Quebec","2016A000224","Engineering services [54133]","Salaries, wages, commissions and benefits","Dollars","81","millions","6","v99920224","6.1.3","1897.9","","","","1"
"2014","Quebec","2016A000224","Engineering services [54133]","Operating profit margin","Percent","239","units","0","v99920225","6.1.4","10.3","","","","1"
"2014","Ontario","2016A000235","Engineering services [54133]","Operating revenue","Dollars","81","millions","6","v99920226","7.1.1","7361.4","","","","1"
"2014","Ontario","2016A000235","Engineering services [54133]","Operating expenses","Dollars","81","millions","6","v99920227","7.1.2","6576.2","","","","1"
"2014","Ontario","2016A000235","Engineering services [54133]","Salaries, wages, commissions and benefits","Dollars","81","millions","6","v99920228","7.1.3","3399.7","","","","1"
"2014","Ontario","2016A000235","Engineering services [54133]","Operating profit margin","Percent","239","units","0","v99920229","7.1.4","10.7","","","","1"
"2014","Manitoba","2016A000246","Engineering services [54133]","Operating revenue","Dollars","81","millions","6","v99920230","8.1.1","405.8","","","","1"
"2014","Manitoba","2016A000246","Engineering services [54133]","Operating expenses","Dollars","81","millions","6","v99920231","8.1.2","359.8","","","","1"
"2014","Manitoba","2016A000246","Engineering services [54133]","Salaries, wages, commissions and benefits","Dollars","81","millions","6","v99920232","8.1.3","191.5","","","","1"
"2014","Manitoba","2016A000246","Engineering services [54133]","Operating profit margin","Percent","239","units","0","v99920233","8.1.4","11.3","","","","1"
"2014","Saskatchewan","2016A000247","Engineering services [54133]","Operating revenue","Dollars","81","millions","6","v99920234","9.1.1","1757.7","","","","1"
"2014","Saskatchewan","2016A000247","Engineering services [54133]","Operating expenses","Dollars","81","millions","6","v99920235","9.1.2","1071.1","","","","1"
"2014","Saskatchewan","2016A000247","Engineering services [54133]","Salaries, wages, commissions and benefits","Dollars","81","millions","6","v99920236","9.1.3","300.3","","","","1"
"2014","Saskatchewan","2016A000247","Engineering services [54133]","Operating profit margin","Percent","239","units","0","v99920237","9.1.4","39.1","","","","1"
"2014","Alberta","2016A000248","Engineering services [54133]","Operating revenue","Dollars","81","millions","6","v99920238","10.1.1","14307.1","","","","1"
"2014","Alberta","2016A000248","Engineering services [54133]","Operating expenses","Dollars","81","millions","6","v99920239","10.1.2","12789.6","","","","1"
"2014","Alberta","2016A000248","Engineering services [54133]","Salaries, wages, commissions and benefits","Dollars","81","millions","6","v99920240","10.1.3","3940.7","","","","1"
"2014","Alberta","2016A000248","Engineering services [54133]","Operating profit margin","Percent","239","units","0","v99920241","10.1.4","10.6","","","","1"
"2014","British Columbia","2016A000259","Engineering services [54133]","Operating revenue","Dollars","81","millions","6","v99920242","11.1.1","3921.2","","","","1"
"2014","British Columbia","2016A000259","Engineering services [54133]","Operating expenses","Dollars","81","millions","6","v99920243","11.1.2","3375.3","","","","1"
"2014","British Columbia","2016A000259","Engineering services [54133]","Salaries, wages, commissions and benefits","Dollars","81","millions","6","v99920244","11.1.3","1803.0","","","","1"
"2014","British Columbia","2016A000259","Engineering services [54133]","Operating profit margin","Percent","239","units","0","v99920245","11.1.4","13.9","","","","1"
"2014","Yukon","2016A000260","Engineering services [54133]","Operating revenue","Dollars","81","millions","6","v99920246","12.1.1","52.8","","","","1"
"2014","Yukon","2016A000260","Engineering services [54133]","Operating expenses","Dollars","81","millions","6","v99920247","12.1.2","48.7","","","","1"
"2014","Yukon","2016A000260","Engineering services [54133]","Salaries, wages, commissions and benefits","Dollars","81","millions","6","v99920248","12.1.3","11.2","","","","1"
"2014","Yukon","2016A000260","Engineering services [54133]","Operating profit margin","Percent","239","units","0","v99920249","12.1.4","7.8","","","","1"
"2014","Northwest Territories","2016A000261","Engineering services [54133]","Operating revenue","Dollars","81","millions","6","v99920250","13.1.1","44.2","","","","1"
"2014","Northwest Territories","2016A000261","Engineering services [54133]","Operating expenses","Dollars","81","millions","6","v99920251","13.1.2","32.3","","","","1"
"2014","Northwest Territories","2016A000261","Engineering services [54133]","Salaries, wages, commissions and benefits","Dollars","81","millions","6","v99920252","13.1.3","9.8","","","","1"
"2014","Northwest Territories","2016A000261","Engineering services [54133]","Operating profit margin","Percent","239","units","0","v99920253","13.1.4","27.1","","","","1"
"2014","Nunavut","2016A000262","Engineering services [54133]","Operating revenue","Dollars","81","millions","6","v99920254","14.1.1","3.9","","","","1"
"2014","Nunavut","2016A000262","Engineering services [54133]","Operating expenses","Dollars","81","millions","6","v99920255","14.1.2","1.9","","","","1"
"2014","Nunavut","2016A000262","Engineering services [54133]","Salaries, wages, commissions and benefits","Dollars","81","millions","6","v99920256","14.1.3","","x","","","1"
"2014","Nunavut","2016A000262","Engineering services [54133]","Operating profit margin","Percent","239","units","0","v99920257","14.1.4","51.1","","","","1"
"2015","Canada","2016A000011124","Engineering services [54133]","Operating revenue","Dollars","81","millions","6","v99920202","1.1.1","30806.8","","","","1"
"2015","Canada","2016A000011124","Engineering services [54133]","Operating expenses","Dollars","81","millions","6","v99920203","1.1.2","28041.1","","","","1"
"2015","Canada","2016A000011124","Engineering services [54133]","Salaries, wages, commissions and benefits","Dollars","81","millions","6","v99920204","1.1.3","12232.7","","","","1"
"2015","Canada","2016A000011124","Engineering services [54133]","Operating profit margin","Percent","239","units","0","v99920205","1.1.4","9.0","","","","1"
"2015","Newfoundland and Labrador","2016A000210","Engineering services [54133]","Operating revenue","Dollars","81","millions","6","v99920206","2.1.1","647.9","","","","1"
"2015","Newfoundland and Labrador","2016A000210","Engineering services [54133]","Operating expenses","Dollars","81","millions","6","v99920207","2.1.2","541.1","","","","1"
"2015","Newfoundland and Labrador","2016A000210","Engineering services [54133]","Salaries, wages, commissions and benefits","Dollars","81","millions","6","v99920208","2.1.3","260.6","","","","1"
"2015","Newfoundland and Labrador","2016A000210","Engineering services [54133]","Operating profit margin","Percent","239","units","0","v99920209","2.1.4","16.5","","","","1"
"2015","Prince Edward Island","2016A000211","Engineering services [54133]","Operating revenue","Dollars","81","millions","6","v99920210","3.1.1","","x","","","1"
"2015","Prince Edward Island","2016A000211","Engineering services [54133]","Operating expenses","Dollars","81","millions","6","v99920211","3.1.2","","x","","","1"
"2015","Prince Edward Island","2016A000211","Engineering services [54133]","Salaries, wages, commissions and benefits","Dollars","81","millions","6","v99920212","3.1.3","","x","","","1"
"2015","Prince Edward Island","2016A000211","Engineering services [54133]","Operating profit margin","Percent","239","units","0","v99920213","3.1.4","","x","","","1"
"2015","Nova Scotia","2016A000212","Engineering services [54133]","Operating revenue","Dollars","81","millions","6","v99920214","4.1.1","386.3","","","","1"
"2015","Nova Scotia","2016A000212","Engineering services [54133]","Operating expenses","Dollars","81","millions","6","v99920215","4.1.2","333.3","","","","1"
"2015","Nova Scotia","2016A000212","Engineering services [54133]","Salaries, wages, commissions and benefits","Dollars","81","millions","6","v99920216","4.1.3","174.6","","","","1"
"2015","Nova Scotia","2016A000212","Engineering services [54133]","Operating profit margin","Percent","239","units","0","v99920217","4.1.4","13.7","","","","1"
"2015","New Brunswick","2016A000213","Engineering services [54133]","Operating revenue","Dollars","81","millions","6","v99920218","5.1.1","286.4","","","","1"
"2015","New Brunswick","2016A000213","Engineering services [54133]","Operating expenses","Dollars","81","millions","6","v99920219","5.1.2","256.6","","","","1"
"2015","New Brunswick","2016A000213","Engineering services [54133]","Salaries, wages, commissions and benefits","Dollars","81","millions","6","v99920220","5.1.3","123.7","","","","1"
"2015","New Brunswick","2016A000213","Engineering services [54133]","Operating profit margin","Percent","239","units","0","v99920221","5.1.4","10.4","","","","1"
"2015","Quebec","2016A000224","Engineering services [54133]","Operating revenue","Dollars","81","millions","6","v99920222","6.1.1","4526.3","","","","1"
"2015","Quebec","2016A000224","Engineering services [54133]","Operating expenses","Dollars","81","millions","6","v99920223","6.1.2","4234.7","","","","1"
"2015","Quebec","2016A000224","Engineering services [54133]","Salaries, wages, commissions and benefits","Dollars","81","millions","6","v99920224","6.1.3","2223.9","","","","1"
"2015","Quebec","2016A000224","Engineering services [54133]","Operating profit margin","Percent","239","units","0","v99920225","6.1.4","6.4","","","","1"
"2015","Ontario","2016A000235","Engineering services [54133]","Operating revenue","Dollars","81","millions","6","v99920226","7.1.1","7854.9","","","","1"
"2015","Ontario","2016A000235","Engineering services [54133]","Operating expenses","Dollars","81","millions","6","v99920227","7.1.2","7092.6","","","","1"
"2015","Ontario","2016A000235","Engineering services [54133]","Salaries, wages, commissions and benefits","Dollars","81","millions","6","v99920228","7.1.3","3447.0","","","","1"
"2015","Ontario","2016A000235","Engineering services [54133]","Operating profit margin","Percent","239","units","0","v99920229","7.1.4","9.7","","","","1"
"2015","Manitoba","2016A000246","Engineering services [54133]","Operating revenue","Dollars","81","millions","6","v99920230","8.1.1","474.3","","","","1"
"2015","Manitoba","2016A000246","Engineering services [54133]","Operating expenses","Dollars","81","millions","6","v99920231","8.1.2","422.9","","","","1"
"2015","Manitoba","2016A000246","Engineering services [54133]","Salaries, wages, commissions and benefits","Dollars","81","millions","6","v99920232","8.1.3","219.3","","","","1"
"2015","Manitoba","2016A000246","Engineering services [54133]","Operating profit margin","Percent","239","units","0","v99920233","8.1.4","10.8","","","","1"
"2015","Saskatchewan","2016A000247","Engineering services [54133]","Operating revenue","Dollars","81","millions","6","v99920234","9.1.1","990.9","","","","1"
"2015","Saskatchewan","2016A000247","Engineering services [54133]","Operating expenses","Dollars","81","millions","6","v99920235","9.1.2","825.4","","","","1"
"2015","Saskatchewan","2016A000247","Engineering services [54133]","Salaries, wages, commissions and benefits","Dollars","81","millions","6","v99920236","9.1.3","335.7","","","","1"
"2015","Saskatchewan","2016A000247","Engineering services [54133]","Operating profit margin","Percent","239","units","0","v99920237","9.1.4","16.7","","","","1"
"2015","Alberta","2016A000248","Engineering services [54133]","Operating revenue","Dollars","81","millions","6","v99920238","10.1.1","11511.1","","","","1"
"2015","Alberta","2016A000248","Engineering services [54133]","Operating expenses","Dollars","81","millions","6","v99920239","10.1.2","10584.0","","","","1"
"2015","Alberta","2016A000248","Engineering services [54133]","Salaries, wages, commissions and benefits","Dollars","81","millions","6","v99920240","10.1.3","3502.5","","","","1"
"2015","Alberta","2016A000248","Engineering services [54133]","Operating profit margin","Percent","239","units","0","v99920241","10.1.4","8.1","","","","1"
"2015","British Columbia","2016A000259","Engineering services [54133]","Operating revenue","Dollars","81","millions","6","v99920242","11.1.1","4036.3","","","","1"
"2015","British Columbia","2016A000259","Engineering services [54133]","Operating expenses","Dollars","81","millions","6","v99920243","11.1.2","3684.2","","","","1"
"2015","British Columbia","2016A000259","Engineering services [54133]","Salaries, wages, commissions and benefits","Dollars","81","millions","6","v99920244","11.1.3","1916.3","","","","1"
"2015","British Columbia","2016A000259","Engineering services [54133]","Operating profit margin","Percent","239","units","0","v99920245","11.1.4","8.7","","","","1"
"2015","Yukon","2016A000260","Engineering services [54133]","Operating revenue","Dollars","81","millions","6","v99920246","12.1.1","34.2","","","","1"
"2015","Yukon","2016A000260","Engineering services [54133]","Operating expenses","Dollars","81","millions","6","v99920247","12.1.2","24.6","","","","1"
"2015","Yukon","2016A000260","Engineering services [54133]","Salaries, wages, commissions and benefits","Dollars","81","millions","6","v99920248","12.1.3","9.3","","","","1"
"2015","Yukon","2016A000260","Engineering services [54133]","Operating profit margin","Percent","239","units","0","v99920249","12.1.4","28.1","","","","1"
"2015","Northwest Territories","2016A000261","Engineering services [54133]","Operating revenue","Dollars","81","millions","6","v99920250","13.1.1","31.2","","","","1"
"2015","Northwest Territories","2016A000261","Engineering services [54133]","Operating expenses","Dollars","81","millions","6","v99920251","13.1.2","22.0","","","","1"
"2015","Northwest Territories","2016A000261","Engineering services [54133]","Salaries, wages, commissions and benefits","Dollars","81","millions","6","v99920252","13.1.3","9.3","","","","1"
"2015","Northwest Territories","2016A000261","Engineering services [54133]","Operating profit margin","Percent","239","units","0","v99920253","13.1.4","29.7","","","","1"
"2015","Nunavut","2016A000262","Engineering services [54133]","Operating revenue","Dollars","81","millions","6","v99920254","14.1.1","","x","","","1"
"2015","Nunavut","2016A000262","Engineering services [54133]","Operating expenses","Dollars","81","millions","6","v99920255","14.1.2","","x","","","1"
"2015","Nunavut","2016A000262","Engineering services [54133]","Salaries, wages, commissions and benefits","Dollars","81","millions","6","v99920256","14.1.3","","x","","","1"
"2015","Nunavut","2016A000262","Engineering services [54133]","Operating profit margin","Percent","239","units","0","v99920257","14.1.4","","x","","","1"
"2016","Canada","2016A000011124","Engineering services [54133]","Operating revenue","Dollars","81","millions","6","v99920202","1.1.1","29295.7","","","","1"
"2016","Canada","2016A000011124","Engineering services [54133]","Operating expenses","Dollars","81","millions","6","v99920203","1.1.2","27032.4","","","","1"
"2016","Canada","2016A000011124","Engineering services [54133]","Salaries, wages, commissions and benefits","Dollars","81","millions","6","v99920204","1.1.3","12249.3","","","","1"
"2016","Canada","2016A000011124","Engineering services [54133]","Operating profit margin","Percent","239","units","0","v99920205","1.1.4","7.7","","","","1"
"2016","Newfoundland and Labrador","2016A000210","Engineering services [54133]","Operating revenue","Dollars","81","millions","6","v99920206","2.1.1","666.1","","","","1"
"2016","Newfoundland and Labrador","2016A000210","Engineering services [54133]","Operating expenses","Dollars","81","millions","6","v99920207","2.1.2","670.3","","","","1"
"2016","Newfoundland and Labrador","2016A000210","Engineering services [54133]","Salaries, wages, commissions and benefits","Dollars","81","millions","6","v99920208","2.1.3","379.4","","","","1"
"2016","Newfoundland and Labrador","2016A000210","Engineering services [54133]","Operating profit margin","Percent","239","units","0","v99920209","2.1.4","-0.6","","","","1"
"2016","Prince Edward Island","2016A000211","Engineering services [54133]","Operating revenue","Dollars","81","millions","6","v99920210","3.1.1","","x","","","1"
"2016","Prince Edward Island","2016A000211","Engineering services [54133]","Operating expenses","Dollars","81","millions","6","v99920211","3.1.2","16.7","","","","1"
"2016","Prince Edward Island","2016A000211","Engineering services [54133]","Salaries, wages, commissions and benefits","Dollars","81","millions","6","v99920212","3.1.3","","x","","","1"
"2016","Prince Edward Island","2016A000211","Engineering services [54133]","Operating profit margin","Percent","239","units","0","v99920213","3.1.4","","x","","","1"
"2016","Nova Scotia","2016A000212","Engineering services [54133]","Operating revenue","Dollars","81","millions","6","v99920214","4.1.1","389.3","","","","1"
"2016","Nova Scotia","2016A000212","Engineering services [54133]","Operating expenses","Dollars","81","millions","6","v99920215","4.1.2","338.6","","","","1"
"2016","Nova Scotia","2016A000212","Engineering services [54133]","Salaries, wages, commissions and benefits","Dollars","81","millions","6","v99920216","4.1.3","177.3","","","","1"
"2016","Nova Scotia","2016A000212","Engineering services [54133]","Operating profit margin","Percent","239","units","0","v99920217","4.1.4","13.0","","","","1"
"2016","New Brunswick","2016A000213","Engineering services [54133]","Operating revenue","Dollars","81","millions","6","v99920218","5.1.1","256.5","","","","1"
"2016","New Brunswick","2016A000213","Engineering services [54133]","Operating expenses","Dollars","81","millions","6","v99920219","5.1.2","234.1","","","","1"
"2016","New Brunswick","2016A000213","Engineering services [54133]","Salaries, wages, commissions and benefits","Dollars","81","millions","6","v99920220","5.1.3","131.7","","","","1"
"2016","New Brunswick","2016A000213","Engineering services [54133]","Operating profit margin","Percent","239","units","0","v99920221","5.1.4","8.7","","","","1"
"2016","Quebec","2016A000224","Engineering services [54133]","Operating revenue","Dollars","81","millions","6","v99920222","6.1.1","4290.6","","","","1"
"2016","Quebec","2016A000224","Engineering services [54133]","Operating expenses","Dollars","81","millions","6","v99920223","6.1.2","4037.5","","","","1"
"2016","Quebec","2016A000224","Engineering services [54133]","Salaries, wages, commissions and benefits","Dollars","81","millions","6","v99920224","6.1.3","2076.0","","","","1"
"2016","Quebec","2016A000224","Engineering services [54133]","Operating profit margin","Percent","239","units","0","v99920225","6.1.4","5.9","","","","1"
"2016","Ontario","2016A000235","Engineering services [54133]","Operating revenue","Dollars","81","millions","6","v99920226","7.1.1","8328.6","","","","1"
"2016","Ontario","2016A000235","Engineering services [54133]","Operating expenses","Dollars","81","millions","6","v99920227","7.1.2","7494.4","","","","1"
"2016","Ontario","2016A000235","Engineering services [54133]","Salaries, wages, commissions and benefits","Dollars","81","millions","6","v99920228","7.1.3","3655.0","","","","1"
"2016","Ontario","2016A000235","Engineering services [54133]","Operating profit margin","Percent","239","units","0","v99920229","7.1.4","10.0","","","","1"
"2016","Manitoba","2016A000246","Engineering services [54133]","Operating revenue","Dollars","81","millions","6","v99920230","8.1.1","626.4","","","","1"
"2016","Manitoba","2016A000246","Engineering services [54133]","Operating expenses","Dollars","81","millions","6","v99920231","8.1.2","537.4","","","","1"
"2016","Manitoba","2016A000246","Engineering services [54133]","Salaries, wages, commissions and benefits","Dollars","81","millions","6","v99920232","8.1.3","252.6","","","","1"
"2016","Manitoba","2016A000246","Engineering services [54133]","Operating profit margin","Percent","239","units","0","v99920233","8.1.4","14.2","","","","1"
"2016","Saskatchewan","2016A000247","Engineering services [54133]","Operating revenue","Dollars","81","millions","6","v99920234","9.1.1","668.9","","","","1"
"2016","Saskatchewan","2016A000247","Engineering services [54133]","Operating expenses","Dollars","81","millions","6","v99920235","9.1.2","575.6","","","","1"
"2016","Saskatchewan","2016A000247","Engineering services [54133]","Salaries, wages, commissions and benefits","Dollars","81","millions","6","v99920236","9.1.3","296.3","","","","1"
"2016","Saskatchewan","2016A000247","Engineering services [54133]","Operating profit margin","Percent","239","units","0","v99920237","9.1.4","13.9","","","","1"
"2016","Alberta","2016A000248","Engineering services [54133]","Operating revenue","Dollars","81","millions","6","v99920238","10.1.1","9987.6","","","","1"
"2016","Alberta","2016A000248","Engineering services [54133]","Operating expenses","Dollars","81","millions","6","v99920239","10.1.2","9521.3","","","","1"
"2016","Alberta","2016A000248","Engineering services [54133]","Salaries, wages, commissions and benefits","Dollars","81","millions","6","v99920240","10.1.3","3494.4","","","","1"
"2016","Alberta","2016A000248","Engineering services [54133]","Operating profit margin","Percent","239","units","0","v99920241","10.1.4","4.7","","","","1"
"2016","British Columbia","2016A000259","Engineering services [54133]","Operating revenue","Dollars","81","millions","6","v99920242","11.1.1","3997.5","","","","1"
"2016","British Columbia","2016A000259","Engineering services [54133]","Operating expenses","Dollars","81","millions","6","v99920243","11.1.2","3558.2","","","","1"
"2016","British Columbia","2016A000259","Engineering services [54133]","Salaries, wages, commissions and benefits","Dollars","81","millions","6","v99920244","11.1.3","1756.7","","","","1"
"2016","British Columbia","2016A000259","Engineering services [54133]","Operating profit margin","Percent","239","units","0","v99920245","11.1.4","11.0","","","","1"
"2016","Yukon","2016A000260","Engineering services [54133]","Operating revenue","Dollars","81","millions","6","v99920246","12.1.1","30.2","","","","1"
"2016","Yukon","2016A000260","Engineering services [54133]","Operating expenses","Dollars","81","millions","6","v99920247","12.1.2","21.3","","","","1"
"2016","Yukon","2016A000260","Engineering services [54133]","Salaries, wages, commissions and benefits","Dollars","81","millions","6","v99920248","12.1.3","9.8","","","","1"
"2016","Yukon","2016A000260","Engineering services [54133]","Operating profit margin","Percent","239","units","0","v99920249","12.1.4","29.5","","","","1"
"2016","Northwest Territories","2016A000261","Engineering services [54133]","Operating revenue","Dollars","81","millions","6","v99920250","13.1.1","33.2","","","","1"
"2016","Northwest Territories","2016A000261","Engineering services [54133]","Operating expenses","Dollars","81","millions","6","v99920251","13.1.2","25.6","","","","1"
"2016","Northwest Territories","2016A000261","Engineering services [54133]","Salaries, wages, commissions and benefits","Dollars","81","millions","6","v99920252","13.1.3","10.6","","","","1"
"2016","Northwest Territories","2016A000261","Engineering services [54133]","Operating profit margin","Percent","239","units","0","v99920253","13.1.4","22.8","","","","1"
"2016","Nunavut","2016A000262","Engineering services [54133]","Operating revenue","Dollars","81","millions","6","v99920254","14.1.1","","x","","","1"
"2016","Nunavut","2016A000262","Engineering services [54133]","Operating expenses","Dollars","81","millions","6","v99920255","14.1.2","1.4","","","","1"
"2016","Nunavut","2016A000262","Engineering services [54133]","Salaries, wages, commissions and benefits","Dollars","81","millions","6","v99920256","14.1.3","","x","","","1"
"2016","Nunavut","2016A000262","Engineering services [54133]","Operating profit margin","Percent","239","units","0","v99920257","14.1.4","","x","","","1"
"2017","Canada","2016A000011124","Engineering services [54133]","Operating revenue","Dollars","81","millions","6","v99920202","1.1.1","28141.0","","","","1"
"2017","Canada","2016A000011124","Engineering services [54133]","Operating expenses","Dollars","81","millions","6","v99920203","1.1.2","25294.1","","","","1"
"2017","Canada","2016A000011124","Engineering services [54133]","Salaries, wages, commissions and benefits","Dollars","81","millions","6","v99920204","1.1.3","11484.3","","","","1"
"2017","Canada","2016A000011124","Engineering services [54133]","Operating profit margin","Percent","239","units","0","v99920205","1.1.4","10.1","","","","1"
"2017","Newfoundland and Labrador","2016A000210","Engineering services [54133]","Operating revenue","Dollars","81","millions","6","v99920206","2.1.1","572.3","","","","1"
"2017","Newfoundland and Labrador","2016A000210","Engineering services [54133]","Operating expenses","Dollars","81","millions","6","v99920207","2.1.2","539.1","","","","1"
"2017","Newfoundland and Labrador","2016A000210","Engineering services [54133]","Salaries, wages, commissions and benefits","Dollars","81","millions","6","v99920208","2.1.3","265.3","","","","1"
"2017","Newfoundland and Labrador","2016A000210","Engineering services [54133]","Operating profit margin","Percent","239","units","0","v99920209","2.1.4","5.8","","","","1"
"2017","Prince Edward Island","2016A000211","Engineering services [54133]","Operating revenue","Dollars","81","millions","6","v99920210","3.1.1","","x","","","1"
"2017","Prince Edward Island","2016A000211","Engineering services [54133]","Operating expenses","Dollars","81","millions","6","v99920211","3.1.2","","x","","","1"
"2017","Prince Edward Island","2016A000211","Engineering services [54133]","Salaries, wages, commissions and benefits","Dollars","81","millions","6","v99920212","3.1.3","8.5","","","","1"
"2017","Prince Edward Island","2016A000211","Engineering services [54133]","Operating profit margin","Percent","239","units","0","v99920213","3.1.4","","x","","","1"
"2017","Nova Scotia","2016A000212","Engineering services [54133]","Operating revenue","Dollars","81","millions","6","v99920214","4.1.1","421.9","","","","1"
"2017","Nova Scotia","2016A000212","Engineering services [54133]","Operating expenses","Dollars","81","millions","6","v99920215","4.1.2","353.3","","","","1"
"2017","Nova Scotia","2016A000212","Engineering services [54133]","Salaries, wages, commissions and benefits","Dollars","81","millions","6","v99920216","4.1.3","198.0","","","","1"
"2017","Nova Scotia","2016A000212","Engineering services [54133]","Operating profit margin","Percent","239","units","0","v99920217","4.1.4","16.3","","","","1"
"2017","New Brunswick","2016A000213","Engineering services [54133]","Operating revenue","Dollars","81","millions","6","v99920218","5.1.1","248.3","","","","1"
"2017","New Brunswick","2016A000213","Engineering services [54133]","Operating expenses","Dollars","81","millions","6","v99920219","5.1.2","227.5","","","","1"
"2017","New Brunswick","2016A000213","Engineering services [54133]","Salaries, wages, commissions and benefits","Dollars","81","millions","6","v99920220","5.1.3","138.9","","","","1"
"2017","New Brunswick","2016A000213","Engineering services [54133]","Operating profit margin","Percent","239","units","0","v99920221","5.1.4","8.4","","","","1"
"2017","Quebec","2016A000224","Engineering services [54133]","Operating revenue","Dollars","81","millions","6","v99920222","6.1.1","4575.7","","","","1"
"2017","Quebec","2016A000224","Engineering services [54133]","Operating expenses","Dollars","81","millions","6","v99920223","6.1.2","4319.9","","","","1"
"2017","Quebec","2016A000224","Engineering services [54133]","Salaries, wages, commissions and benefits","Dollars","81","millions","6","v99920224","6.1.3","2212.2","","","","1"
"2017","Quebec","2016A000224","Engineering services [54133]","Operating profit margin","Percent","239","units","0","v99920225","6.1.4","5.6","","","","1"
"2017","Ontario","2016A000235","Engineering services [54133]","Operating revenue","Dollars","81","millions","6","v99920226","7.1.1","8932.7","","","","1"
"2017","Ontario","2016A000235","Engineering services [54133]","Operating expenses","Dollars","81","millions","6","v99920227","7.1.2","7945.1","","","","1"
"2017","Ontario","2016A000235","Engineering services [54133]","Salaries, wages, commissions and benefits","Dollars","81","millions","6","v99920228","7.1.3","3694.4","","","","1"
"2017","Ontario","2016A000235","Engineering services [54133]","Operating profit margin","Percent","239","units","0","v99920229","7.1.4","11.1","","","","1"
"2017","Manitoba","2016A000246","Engineering services [54133]","Operating revenue","Dollars","81","millions","6","v99920230","8.1.1","539.7","","","","1"
"2017","Manitoba","2016A000246","Engineering services [54133]","Operating expenses","Dollars","81","millions","6","v99920231","8.1.2","605.3","","","","1"
"2017","Manitoba","2016A000246","Engineering services [54133]","Salaries, wages, commissions and benefits","Dollars","81","millions","6","v99920232","8.1.3","335.4","","","","1"
"2017","Manitoba","2016A000246","Engineering services [54133]","Operating profit margin","Percent","239","units","0","v99920233","8.1.4","-12.1","","","","1"
"2017","Saskatchewan","2016A000247","Engineering services [54133]","Operating revenue","Dollars","81","millions","6","v99920234","9.1.1","608.6","","","","1"
"2017","Saskatchewan","2016A000247","Engineering services [54133]","Operating expenses","Dollars","81","millions","6","v99920235","9.1.2","514.6","","","","1"
"2017","Saskatchewan","2016A000247","Engineering services [54133]","Salaries, wages, commissions and benefits","Dollars","81","millions","6","v99920236","9.1.3","285.4","","","","1"
"2017","Saskatchewan","2016A000247","Engineering services [54133]","Operating profit margin","Percent","239","units","0","v99920237","9.1.4","15.4","","","","1"
"2017","Alberta","2016A000248","Engineering services [54133]","Operating revenue","Dollars","81","millions","6","v99920238","10.1.1","8071.5","","","","1"
"2017","Alberta","2016A000248","Engineering services [54133]","Operating expenses","Dollars","81","millions","6","v99920239","10.1.2","7252.2","","","","1"
"2017","Alberta","2016A000248","Engineering services [54133]","Salaries, wages, commissions and benefits","Dollars","81","millions","6","v99920240","10.1.3","2620.3","","","","1"
"2017","Alberta","2016A000248","Engineering services [54133]","Operating profit margin","Percent","239","units","0","v99920241","10.1.4","10.2","","","","1"
"2017","British Columbia","2016A000259","Engineering services [54133]","Operating revenue","Dollars","81","millions","6","v99920242","11.1.1","4100.4","","","","1"
"2017","British Columbia","2016A000259","Engineering services [54133]","Operating expenses","Dollars","81","millions","6","v99920243","11.1.2","3481.4","","","","1"
"2017","British Columbia","2016A000259","Engineering services [54133]","Salaries, wages, commissions and benefits","Dollars","81","millions","6","v99920244","11.1.3","1710.0","","","","1"
"2017","British Columbia","2016A000259","Engineering services [54133]","Operating profit margin","Percent","239","units","0","v99920245","11.1.4","15.1","","","","1"
"2017","Yukon","2016A000260","Engineering services [54133]","Operating revenue","Dollars","81","millions","6","v99920246","12.1.1","19.8","","","","1"
"2017","Yukon","2016A000260","Engineering services [54133]","Operating expenses","Dollars","81","millions","6","v99920247","12.1.2","16.9","","","","1"
"2017","Yukon","2016A000260","Engineering services [54133]","Salaries, wages, commissions and benefits","Dollars","81","millions","6","v99920248","12.1.3","","x","","","1"
"2017","Yukon","2016A000260","Engineering services [54133]","Operating profit margin","Percent","239","units","0","v99920249","12.1.4","14.8","","","","1"
"2017","Northwest Territories","2016A000261","Engineering services [54133]","Operating revenue","Dollars","81","millions","6","v99920250","13.1.1","28.8","","","","1"
"2017","Northwest Territories","2016A000261","Engineering services [54133]","Operating expenses","Dollars","81","millions","6","v99920251","13.1.2","22.2","","","","1"
"2017","Northwest Territories","2016A000261","Engineering services [54133]","Salaries, wages, commissions and benefits","Dollars","81","millions","6","v99920252","13.1.3","8.9","","","","1"
"2017","Northwest Territories","2016A000261","Engineering services [54133]","Operating profit margin","Percent","239","units","0","v99920253","13.1.4","22.8","","","","1"
"2017","Nunavut","2016A000262","Engineering services [54133]","Operating revenue","Dollars","81","millions","6","v99920254","14.1.1","","x","","","1"
"2017","Nunavut","2016A000262","Engineering services [54133]","Operating expenses","Dollars","81","millions","6","v99920255","14.1.2","","x","","","1"
"2017","Nunavut","2016A000262","Engineering services [54133]","Salaries, wages, commissions and benefits","Dollars","81","millions","6","v99920256","14.1.3","","x","","","1"
"2017","Nunavut","2016A000262","Engineering services [54133]","Operating profit margin","Percent","239","units","0","v99920257","14.1.4","","x","","","1"
"2018","Canada","2016A000011124","Engineering services [54133]","Operating revenue","Dollars","81","millions","6","v99920202","1.1.1","28997.3","","","","1"
"2018","Canada","2016A000011124","Engineering services [54133]","Operating expenses","Dollars","81","millions","6","v99920203","1.1.2","26205.3","","","","1"
"2018","Canada","2016A000011124","Engineering services [54133]","Salaries, wages, commissions and benefits","Dollars","81","millions","6","v99920204","1.1.3","12425.8","","","","1"
"2018","Canada","2016A000011124","Engineering services [54133]","Operating profit margin","Percent","239","units","0","v99920205","1.1.4","9.6","","","","1"
"2018","Newfoundland and Labrador","2016A000210","Engineering services [54133]","Operating revenue","Dollars","81","millions","6","v99920206","2.1.1","520.8","","","","1"
"2018","Newfoundland and Labrador","2016A000210","Engineering services [54133]","Operating expenses","Dollars","81","millions","6","v99920207","2.1.2","493.2","","","","1"
"2018","Newfoundland and Labrador","2016A000210","Engineering services [54133]","Salaries, wages, commissions and benefits","Dollars","81","millions","6","v99920208","2.1.3","242.3","","","","1"
"2018","Newfoundland and Labrador","2016A000210","Engineering services [54133]","Operating profit margin","Percent","239","units","0","v99920209","2.1.4","5.3","","","","1"
"2018","Prince Edward Island","2016A000211","Engineering services [54133]","Operating revenue","Dollars","81","millions","6","v99920210","3.1.1","","x","","","1"
"2018","Prince Edward Island","2016A000211","Engineering services [54133]","Operating expenses","Dollars","81","millions","6","v99920211","3.1.2","","x","","","1"
"2018","Prince Edward Island","2016A000211","Engineering services [54133]","Salaries, wages, commissions and benefits","Dollars","81","millions","6","v99920212","3.1.3","9.7","","","","1"
"2018","Prince Edward Island","2016A000211","Engineering services [54133]","Operating profit margin","Percent","239","units","0","v99920213","3.1.4","","x","","","1"
"2018","Nova Scotia","2016A000212","Engineering services [54133]","Operating revenue","Dollars","81","millions","6","v99920214","4.1.1","459.7","","","","1"
"2018","Nova Scotia","2016A000212","Engineering services [54133]","Operating expenses","Dollars","81","millions","6","v99920215","4.1.2","375.1","","","","1"
"2018","Nova Scotia","2016A000212","Engineering services [54133]","Salaries, wages, commissions and benefits","Dollars","81","millions","6","v99920216","4.1.3","202.2","","","","1"
"2018","Nova Scotia","2016A000212","Engineering services [54133]","Operating profit margin","Percent","239","units","0","v99920217","4.1.4","18.4","","","","1"
"2018","New Brunswick","2016A000213","Engineering services [54133]","Operating revenue","Dollars","81","millions","6","v99920218","5.1.1","323.1","","","","1"
"2018","New Brunswick","2016A000213","Engineering services [54133]","Operating expenses","Dollars","81","millions","6","v99920219","5.1.2","265.9","","","","1"
"2018","New Brunswick","2016A000213","Engineering services [54133]","Salaries, wages, commissions and benefits","Dollars","81","millions","6","v99920220","5.1.3","154.0","","","","1"
"2018","New Brunswick","2016A000213","Engineering services [54133]","Operating profit margin","Percent","239","units","0","v99920221","5.1.4","17.7","","","","1"
"2018","Quebec","2016A000224","Engineering services [54133]","Operating revenue","Dollars","81","millions","6","v99920222","6.1.1","5530.2","","","","1"
"2018","Quebec","2016A000224","Engineering services [54133]","Operating expenses","Dollars","81","millions","6","v99920223","6.1.2","5074.4","","","","1"
"2018","Quebec","2016A000224","Engineering services [54133]","Salaries, wages, commissions and benefits","Dollars","81","millions","6","v99920224","6.1.3","2422.1","","","","1"
"2018","Quebec","2016A000224","Engineering services [54133]","Operating profit margin","Percent","239","units","0","v99920225","6.1.4","8.2","","","","1"
"2018","Ontario","2016A000235","Engineering services [54133]","Operating revenue","Dollars","81","millions","6","v99920226","7.1.1","9917.7","","","","1"
"2018","Ontario","2016A000235","Engineering services [54133]","Operating expenses","Dollars","81","millions","6","v99920227","7.1.2","9245.5","","","","1"
"2018","Ontario","2016A000235","Engineering services [54133]","Salaries, wages, commissions and benefits","Dollars","81","millions","6","v99920228","7.1.3","4470.4","","","","1"
"2018","Ontario","2016A000235","Engineering services [54133]","Operating profit margin","Percent","239","units","0","v99920229","7.1.4","6.8","","","","1"
"2018","Manitoba","2016A000246","Engineering services [54133]","Operating revenue","Dollars","81","millions","6","v99920230","8.1.1","653.8","","","","1"
"2018","Manitoba","2016A000246","Engineering services [54133]","Operating expenses","Dollars","81","millions","6","v99920231","8.1.2","509.6","","","","1"
"2018","Manitoba","2016A000246","Engineering services [54133]","Salaries, wages, commissions and benefits","Dollars","81","millions","6","v99920232","8.1.3","238.3","","","","1"
"2018","Manitoba","2016A000246","Engineering services [54133]","Operating profit margin","Percent","239","units","0","v99920233","8.1.4","22.1","","","","1"
"2018","Saskatchewan","2016A000247","Engineering services [54133]","Operating revenue","Dollars","81","millions","6","v99920234","9.1.1","572.1","","","","1"
"2018","Saskatchewan","2016A000247","Engineering services [54133]","Operating expenses","Dollars","81","millions","6","v99920235","9.1.2","496.3","","","","1"
"2018","Saskatchewan","2016A000247","Engineering services [54133]","Salaries, wages, commissions and benefits","Dollars","81","millions","6","v99920236","9.1.3","276.1","","","","1"
"2018","Saskatchewan","2016A000247","Engineering services [54133]","Operating profit margin","Percent","239","units","0","v99920237","9.1.4","13.3","","","","1"
"2018","Alberta","2016A000248","Engineering services [54133]","Operating revenue","Dollars","81","millions","6","v99920238","10.1.1","6349.7","","","","1"
"2018","Alberta","2016A000248","Engineering services [54133]","Operating expenses","Dollars","81","millions","6","v99920239","10.1.2","5738.3","","","","1"
"2018","Alberta","2016A000248","Engineering services [54133]","Salaries, wages, commissions and benefits","Dollars","81","millions","6","v99920240","10.1.3","2521.3","","","","1"
"2018","Alberta","2016A000248","Engineering services [54133]","Operating profit margin","Percent","239","units","0","v99920241","10.1.4","9.6","","","","1"
"2018","British Columbia","2016A000259","Engineering services [54133]","Operating revenue","Dollars","81","millions","6","v99920242","11.1.1","4568.7","","","","1"
"2018","British Columbia","2016A000259","Engineering services [54133]","Operating expenses","Dollars","81","millions","6","v99920243","11.1.2","3936.9","","","","1"
"2018","British Columbia","2016A000259","Engineering services [54133]","Salaries, wages, commissions and benefits","Dollars","81","millions","6","v99920244","11.1.3","1874.7","","","","1"
"2018","British Columbia","2016A000259","Engineering services [54133]","Operating profit margin","Percent","239","units","0","v99920245","11.1.4","13.8","","","","1"
"2018","Yukon","2016A000260","Engineering services [54133]","Operating revenue","Dollars","81","millions","6","v99920246","12.1.1","26.6","","","","1"
"2018","Yukon","2016A000260","Engineering services [54133]","Operating expenses","Dollars","81","millions","6","v99920247","12.1.2","20.3","","","","1"
"2018","Yukon","2016A000260","Engineering services [54133]","Salaries, wages, commissions and benefits","Dollars","81","millions","6","v99920248","12.1.3","7.6","","","","1"
"2018","Yukon","2016A000260","Engineering services [54133]","Operating profit margin","Percent","239","units","0","v99920249","12.1.4","23.6","","","","1"
"2018","Northwest Territories","2016A000261","Engineering services [54133]","Operating revenue","Dollars","81","millions","6","v99920250","13.1.1","50.2","","","","1"
"2018","Northwest Territories","2016A000261","Engineering services [54133]","Operating expenses","Dollars","81","millions","6","v99920251","13.1.2","29.5","","","","1"
"2018","Northwest Territories","2016A000261","Engineering services [54133]","Salaries, wages, commissions and benefits","Dollars","81","millions","6","v99920252","13.1.3","","x","","","1"
"2018","Northwest Territories","2016A000261","Engineering services [54133]","Operating profit margin","Percent","239","units","0","v99920253","13.1.4","41.3","","","","1"
"2018","Nunavut","2016A000262","Engineering services [54133]","Operating revenue","Dollars","81","millions","6","v99920254","14.1.1","","x","","","1"
"2018","Nunavut","2016A000262","Engineering services [54133]","Operating expenses","Dollars","81","millions","6","v99920255","14.1.2","","x","","","1"
"2018","Nunavut","2016A000262","Engineering services [54133]","Salaries, wages, commissions and benefits","Dollars","81","millions","6","v99920256","14.1.3","","x","","","1"
"2018","Nunavut","2016A000262","Engineering services [54133]","Operating profit margin","Percent","239","units","0","v99920257","14.1.4","","x","","","1"
"2019","Canada","2016A000011124","Engineering services [54133]","Operating revenue","Dollars","81","millions","6","v99920202","1.1.1","33153.1","","","","1"
"2019","Canada","2016A000011124","Engineering services [54133]","Operating expenses","Dollars","81","millions","6","v99920203","1.1.2","29813.0","","","","1"
"2019","Canada","2016A000011124","Engineering services [54133]","Salaries, wages, commissions and benefits","Dollars","81","millions","6","v99920204","1.1.3","14198.7","","","","1"
"2019","Canada","2016A000011124","Engineering services [54133]","Operating profit margin","Percent","239","units","0","v99920205","1.1.4","10.1","","","","1"
"2019","Newfoundland and Labrador","2016A000210","Engineering services [54133]","Operating revenue","Dollars","81","millions","6","v99920206","2.1.1","626.2","","","","1"
"2019","Newfoundland and Labrador","2016A000210","Engineering services [54133]","Operating expenses","Dollars","81","millions","6","v99920207","2.1.2","586.0","","","","1"
"2019","Newfoundland and Labrador","2016A000210","Engineering services [54133]","Salaries, wages, commissions and benefits","Dollars","81","millions","6","v99920208","2.1.3","286.5","","","","1"
"2019","Newfoundland and Labrador","2016A000210","Engineering services [54133]","Operating profit margin","Percent","239","units","0","v99920209","2.1.4","6.4","","","","1"
"2019","Prince Edward Island","2016A000211","Engineering services [54133]","Operating revenue","Dollars","81","millions","6","v99920210","3.1.1","25.6","","","","1"
"2019","Prince Edward Island","2016A000211","Engineering services [54133]","Operating expenses","Dollars","81","millions","6","v99920211","3.1.2","21.5","","","","1"
"2019","Prince Edward Island","2016A000211","Engineering services [54133]","Salaries, wages, commissions and benefits","Dollars","81","millions","6","v99920212","3.1.3","12.4","","","","1"
"2019","Prince Edward Island","2016A000211","Engineering services [54133]","Operating profit margin","Percent","239","units","0","v99920213","3.1.4","15.8","","","","1"
"2019","Nova Scotia","2016A000212","Engineering services [54133]","Operating revenue","Dollars","81","millions","6","v99920214","4.1.1","468.3","","","","1"
"2019","Nova Scotia","2016A000212","Engineering services [54133]","Operating expenses","Dollars","81","millions","6","v99920215","4.1.2","376.0","","","","1"
"2019","Nova Scotia","2016A000212","Engineering services [54133]","Salaries, wages, commissions and benefits","Dollars","81","millions","6","v99920216","4.1.3","217.0","","","","1"
"2019","Nova Scotia","2016A000212","Engineering services [54133]","Operating profit margin","Percent","239","units","0","v99920217","4.1.4","19.7","","","","1"
"2019","New Brunswick","2016A000213","Engineering services [54133]","Operating revenue","Dollars","81","millions","6","v99920218","5.1.1","302.8","","","","1"
"2019","New Brunswick","2016A000213","Engineering services [54133]","Operating expenses","Dollars","81","millions","6","v99920219","5.1.2","261.1","","","","1"
"2019","New Brunswick","2016A000213","Engineering services [54133]","Salaries, wages, commissions and benefits","Dollars","81","millions","6","v99920220","5.1.3","153.6","","","","1"
"2019","New Brunswick","2016A000213","Engineering services [54133]","Operating profit margin","Percent","239","units","0","v99920221","5.1.4","13.8","","","","1"
"2019","Quebec","2016A000224","Engineering services [54133]","Operating revenue","Dollars","81","millions","6","v99920222","6.1.1","6297.1","","","","1"
"2019","Quebec","2016A000224","Engineering services [54133]","Operating expenses","Dollars","81","millions","6","v99920223","6.1.2","5680.4","","","","1"
"2019","Quebec","2016A000224","Engineering services [54133]","Salaries, wages, commissions and benefits","Dollars","81","millions","6","v99920224","6.1.3","2812.3","","","","1"
"2019","Quebec","2016A000224","Engineering services [54133]","Operating profit margin","Percent","239","units","0","v99920225","6.1.4","9.8","","","","1"
"2019","Ontario","2016A000235","Engineering services [54133]","Operating revenue","Dollars","81","millions","6","v99920226","7.1.1","10615.9","","","","1"
"2019","Ontario","2016A000235","Engineering services [54133]","Operating expenses","Dollars","81","millions","6","v99920227","7.1.2","9891.8","","","","1"
"2019","Ontario","2016A000235","Engineering services [54133]","Salaries, wages, commissions and benefits","Dollars","81","millions","6","v99920228","7.1.3","5028.2","","","","1"
"2019","Ontario","2016A000235","Engineering services [54133]","Operating profit margin","Percent","239","units","0","v99920229","7.1.4","6.8","","","","1"
"2019","Manitoba","2016A000246","Engineering services [54133]","Operating revenue","Dollars","81","millions","6","v99920230","8.1.1","490.5","","","","1"
"2019","Manitoba","2016A000246","Engineering services [54133]","Operating expenses","Dollars","81","millions","6","v99920231","8.1.2","560.6","","","","1"
"2019","Manitoba","2016A000246","Engineering services [54133]","Salaries, wages, commissions and benefits","Dollars","81","millions","6","v99920232","8.1.3","375.7","","","","1"
"2019","Manitoba","2016A000246","Engineering services [54133]","Operating profit margin","Percent","239","units","0","v99920233","8.1.4","-14.3","","","","1"
"2019","Saskatchewan","2016A000247","Engineering services [54133]","Operating revenue","Dollars","81","millions","6","v99920234","9.1.1","603.2","","","","1"
"2019","Saskatchewan","2016A000247","Engineering services [54133]","Operating expenses","Dollars","81","millions","6","v99920235","9.1.2","526.8","","","","1"
"2019","Saskatchewan","2016A000247","Engineering services [54133]","Salaries, wages, commissions and benefits","Dollars","81","millions","6","v99920236","9.1.3","293.4","","","","1"
"2019","Saskatchewan","2016A000247","Engineering services [54133]","Operating profit margin","Percent","239","units","0","v99920237","9.1.4","12.7","","","","1"
"2019","Alberta","2016A000248","Engineering services [54133]","Operating revenue","Dollars","81","millions","6","v99920238","10.1.1","7886.0","","","","1"
"2019","Alberta","2016A000248","Engineering services [54133]","Operating expenses","Dollars","81","millions","6","v99920239","10.1.2","6732.6","","","","1"
"2019","Alberta","2016A000248","Engineering services [54133]","Salaries, wages, commissions and benefits","Dollars","81","millions","6","v99920240","10.1.3","2792.0","","","","1"
"2019","Alberta","2016A000248","Engineering services [54133]","Operating profit margin","Percent","239","units","0","v99920241","10.1.4","14.6","","","","1"
"2019","British Columbia","2016A000259","Engineering services [54133]","Operating revenue","Dollars","81","millions","6","v99920242","11.1.1","5741.3","","","","1"
"2019","British Columbia","2016A000259","Engineering services [54133]","Operating expenses","Dollars","81","millions","6","v99920243","11.1.2","5114.7","","","","1"
"2019","British Columbia","2016A000259","Engineering services [54133]","Salaries, wages, commissions and benefits","Dollars","81","millions","6","v99920244","11.1.3","2210.7","","","","1"
"2019","British Columbia","2016A000259","Engineering services [54133]","Operating profit margin","Percent","239","units","0","v99920245","11.1.4","10.9","","","","1"
"2019","Yukon","2016A000260","Engineering services [54133]","Operating revenue","Dollars","81","millions","6","v99920246","12.1.1","29.2","","","","1"
"2019","Yukon","2016A000260","Engineering services [54133]","Operating expenses","Dollars","81","millions","6","v99920247","12.1.2","21.8","","","","1"
"2019","Yukon","2016A000260","Engineering services [54133]","Salaries, wages, commissions and benefits","Dollars","81","millions","6","v99920248","12.1.3","8.4","","","","1"
"2019","Yukon","2016A000260","Engineering services [54133]","Operating profit margin","Percent","239","units","0","v99920249","12.1.4","25.2","","","","1"
"2019","Northwest Territories","2016A000261","Engineering services [54133]","Operating revenue","Dollars","81","millions","6","v99920250","13.1.1","60.7","","","","1"
"2019","Northwest Territories","2016A000261","Engineering services [54133]","Operating expenses","Dollars","81","millions","6","v99920251","13.1.2","35.3","","","","1"
"2019","Northwest Territories","2016A000261","Engineering services [54133]","Salaries, wages, commissions and benefits","Dollars","81","millions","6","v99920252","13.1.3","","x","","","1"
"2019","Northwest Territories","2016A000261","Engineering services [54133]","Operating profit margin","Percent","239","units","0","v99920253","13.1.4","41.8","","","","1"
"2019","Nunavut","2016A000262","Engineering services [54133]","Operating revenue","Dollars","81","millions","6","v99920254","14.1.1","6.4","","","","1"
"2019","Nunavut","2016A000262","Engineering services [54133]","Operating expenses","Dollars","81","millions","6","v99920255","14.1.2","4.2","","","","1"
"2019","Nunavut","2016A000262","Engineering services [54133]","Salaries, wages, commissions and benefits","Dollars","81","millions","6","v99920256","14.1.3","","x","","","1"
"2019","Nunavut","2016A000262","Engineering services [54133]","Operating profit margin","Percent","239","units","0","v99920257","14.1.4","34.1","","","","1"
"2020","Canada","2016A000011124","Engineering services [54133]","Operating revenue","Dollars","81","millions","6","v99920202","1.1.1","33637.0","","","","1"
"2020","Canada","2016A000011124","Engineering services [54133]","Operating expenses","Dollars","81","millions","6","v99920203","1.1.2","30738.6","","","","1"
"2020","Canada","2016A000011124","Engineering services [54133]","Salaries, wages, commissions and benefits","Dollars","81","millions","6","v99920204","1.1.3","14016.1","","","","1"
"2020","Canada","2016A000011124","Engineering services [54133]","Operating profit margin","Percent","239","units","0","v99920205","1.1.4","8.6","","","","1"
"2020","Newfoundland and Labrador","2016A000210","Engineering services [54133]","Operating revenue","Dollars","81","millions","6","v99920206","2.1.1","522.1","","","","1"
"2020","Newfoundland and Labrador","2016A000210","Engineering services [54133]","Operating expenses","Dollars","81","millions","6","v99920207","2.1.2","475.2","","","","1"
"2020","Newfoundland and Labrador","2016A000210","Engineering services [54133]","Salaries, wages, commissions and benefits","Dollars","81","millions","6","v99920208","2.1.3","255.4","","","","1"
"2020","Newfoundland and Labrador","2016A000210","Engineering services [54133]","Operating profit margin","Percent","239","units","0","v99920209","2.1.4","9.0","","","","1"
"2020","Prince Edward Island","2016A000211","Engineering services [54133]","Operating revenue","Dollars","81","millions","6","v99920210","3.1.1","26.8","","","","1"
"2020","Prince Edward Island","2016A000211","Engineering services [54133]","Operating expenses","Dollars","81","millions","6","v99920211","3.1.2","21.6","","","","1"
"2020","Prince Edward Island","2016A000211","Engineering services [54133]","Salaries, wages, commissions and benefits","Dollars","81","millions","6","v99920212","3.1.3","12.6","","","","1"
"2020","Prince Edward Island","2016A000211","Engineering services [54133]","Operating profit margin","Percent","239","units","0","v99920213","3.1.4","19.2","","","","1"
"2020","Nova Scotia","2016A000212","Engineering services [54133]","Operating revenue","Dollars","81","millions","6","v99920214","4.1.1","440.2","","","","1"
"2020","Nova Scotia","2016A000212","Engineering services [54133]","Operating expenses","Dollars","81","millions","6","v99920215","4.1.2","375.2","","","","1"
"2020","Nova Scotia","2016A000212","Engineering services [54133]","Salaries, wages, commissions and benefits","Dollars","81","millions","6","v99920216","4.1.3","211.0","","","","1"
"2020","Nova Scotia","2016A000212","Engineering services [54133]","Operating profit margin","Percent","239","units","0","v99920217","4.1.4","14.8","","","","1"
"2020","New Brunswick","2016A000213","Engineering services [54133]","Operating revenue","Dollars","81","millions","6","v99920218","5.1.1","259.8","","","","1"
"2020","New Brunswick","2016A000213","Engineering services [54133]","Operating expenses","Dollars","81","millions","6","v99920219","5.1.2","222.5","","","","1"
"2020","New Brunswick","2016A000213","Engineering services [54133]","Salaries, wages, commissions and benefits","Dollars","81","millions","6","v99920220","5.1.3","132.8","","","","1"
"2020","New Brunswick","2016A000213","Engineering services [54133]","Operating profit margin","Percent","239","units","0","v99920221","5.1.4","14.4","","","","1"
"2020","Quebec","2016A000224","Engineering services [54133]","Operating revenue","Dollars","81","millions","6","v99920222","6.1.1","5943.0","","","","1"
"2020","Quebec","2016A000224","Engineering services [54133]","Operating expenses","Dollars","81","millions","6","v99920223","6.1.2","5551.8","","","","1"
"2020","Quebec","2016A000224","Engineering services [54133]","Salaries, wages, commissions and benefits","Dollars","81","millions","6","v99920224","6.1.3","2736.8","","","","1"
"2020","Quebec","2016A000224","Engineering services [54133]","Operating profit margin","Percent","239","units","0","v99920225","6.1.4","6.6","","","","1"
"2020","Ontario","2016A000235","Engineering services [54133]","Operating revenue","Dollars","81","millions","6","v99920226","7.1.1","10913.3","","","","1"
"2020","Ontario","2016A000235","Engineering services [54133]","Operating expenses","Dollars","81","millions","6","v99920227","7.1.2","10073.8","","","","1"
"2020","Ontario","2016A000235","Engineering services [54133]","Salaries, wages, commissions and benefits","Dollars","81","millions","6","v99920228","7.1.3","5032.6","","","","1"
"2020","Ontario","2016A000235","Engineering services [54133]","Operating profit margin","Percent","239","units","0","v99920229","7.1.4","7.7","","","","1"
"2020","Manitoba","2016A000246","Engineering services [54133]","Operating revenue","Dollars","81","millions","6","v99920230","8.1.1","451.9","","","","1"
"2020","Manitoba","2016A000246","Engineering services [54133]","Operating expenses","Dollars","81","millions","6","v99920231","8.1.2","401.1","","","","1"
"2020","Manitoba","2016A000246","Engineering services [54133]","Salaries, wages, commissions and benefits","Dollars","81","millions","6","v99920232","8.1.3","238.6","","","","1"
"2020","Manitoba","2016A000246","Engineering services [54133]","Operating profit margin","Percent","239","units","0","v99920233","8.1.4","11.3","","","","1"
"2020","Saskatchewan","2016A000247","Engineering services [54133]","Operating revenue","Dollars","81","millions","6","v99920234","9.1.1","597.7","","","","1"
"2020","Saskatchewan","2016A000247","Engineering services [54133]","Operating expenses","Dollars","81","millions","6","v99920235","9.1.2","535.8","","","","1"
"2020","Saskatchewan","2016A000247","Engineering services [54133]","Salaries, wages, commissions and benefits","Dollars","81","millions","6","v99920236","9.1.3","302.9","","","","1"
"2020","Saskatchewan","2016A000247","Engineering services [54133]","Operating profit margin","Percent","239","units","0","v99920237","9.1.4","10.4","","","","1"
"2020","Alberta","2016A000248","Engineering services [54133]","Operating revenue","Dollars","81","millions","6","v99920238","10.1.1","7973.5","","","","1"
"2020","Alberta","2016A000248","Engineering services [54133]","Operating expenses","Dollars","81","millions","6","v99920239","10.1.2","7154.3","","","","1"
"2020","Alberta","2016A000248","Engineering services [54133]","Salaries, wages, commissions and benefits","Dollars","81","millions","6","v99920240","10.1.3","2931.4","","","","1"
"2020","Alberta","2016A000248","Engineering services [54133]","Operating profit margin","Percent","239","units","0","v99920241","10.1.4","10.3","","","","1"
"2020","British Columbia","2016A000259","Engineering services [54133]","Operating revenue","Dollars","81","millions","6","v99920242","11.1.1","6395.8","","","","1"
"2020","British Columbia","2016A000259","Engineering services [54133]","Operating expenses","Dollars","81","millions","6","v99920243","11.1.2","5855.2","","","","1"
"2020","British Columbia","2016A000259","Engineering services [54133]","Salaries, wages, commissions and benefits","Dollars","81","millions","6","v99920244","11.1.3","2140.7","","","","1"
"2020","British Columbia","2016A000259","Engineering services [54133]","Operating profit margin","Percent","239","units","0","v99920245","11.1.4","8.5","","","","1"
"2020","Yukon","2016A000260","Engineering services [54133]","Operating revenue","Dollars","81","millions","6","v99920246","12.1.1","24.2","","","","1"
"2020","Yukon","2016A000260","Engineering services [54133]","Operating expenses","Dollars","81","millions","6","v99920247","12.1.2","22.6","","","","1"
"2020","Yukon","2016A000260","Engineering services [54133]","Salaries, wages, commissions and benefits","Dollars","81","millions","6","v99920248","12.1.3","10.9","","","","1"
"2020","Yukon","2016A000260","Engineering services [54133]","Operating profit margin","Percent","239","units","0","v99920249","12.1.4","6.8","","","","1"
"2020","Northwest Territories","2016A000261","Engineering services [54133]","Operating revenue","Dollars","81","millions","6","v99920250","13.1.1","76.5","","","","1"
"2020","Northwest Territories","2016A000261","Engineering services [54133]","Operating expenses","Dollars","81","millions","6","v99920251","13.1.2","43.5","","","","1"
"2020","Northwest Territories","2016A000261","Engineering services [54133]","Salaries, wages, commissions and benefits","Dollars","81","millions","6","v99920252","13.1.3","9.4","","","","1"
"2020","Northwest Territories","2016A000261","Engineering services [54133]","Operating profit margin","Percent","239","units","0","v99920253","13.1.4","43.2","","","","1"
"2020","Nunavut","2016A000262","Engineering services [54133]","Operating revenue","Dollars","81","millions","6","v99920254","14.1.1","12.1","","","","1"
"2020","Nunavut","2016A000262","Engineering services [54133]","Operating expenses","Dollars","81","millions","6","v99920255","14.1.2","6.0","","","","1"
"2020","Nunavut","2016A000262","Engineering services [54133]","Salaries, wages, commissions and benefits","Dollars","81","millions","6","v99920256","14.1.3","1.1","","","","1"
"2020","Nunavut","2016A000262","Engineering services [54133]","Operating profit margin","Percent","239","units","0","v99920257","14.1.4","50.7","","","","1"
"2021","Canada","2016A000011124","Engineering services [54133]","Operating revenue","Dollars","81","millions","6","v99920202","1.1.1","35145.7","","","","1"
"2021","Canada","2016A000011124","Engineering services [54133]","Operating expenses","Dollars","81","millions","6","v99920203","1.1.2","32279.3","","","","1"
"2021","Canada","2016A000011124","Engineering services [54133]","Salaries, wages, commissions and benefits","Dollars","81","millions","6","v99920204","1.1.3","14733.2","","","","1"
"2021","Canada","2016A000011124","Engineering services [54133]","Operating profit margin","Percent","239","units","0","v99920205","1.1.4","8.2","","","","1"
"2021","Newfoundland and Labrador","2016A000210","Engineering services [54133]","Operating revenue","Dollars","81","millions","6","v99920206","2.1.1","510.5","","","","1"
"2021","Newfoundland and Labrador","2016A000210","Engineering services [54133]","Operating expenses","Dollars","81","millions","6","v99920207","2.1.2","461.1","","","","1"
"2021","Newfoundland and Labrador","2016A000210","Engineering services [54133]","Salaries, wages, commissions and benefits","Dollars","81","millions","6","v99920208","2.1.3","234.2","","","","1"
"2021","Newfoundland and Labrador","2016A000210","Engineering services [54133]","Operating profit margin","Percent","239","units","0","v99920209","2.1.4","9.7","","","","1"
"2021","Prince Edward Island","2016A000211","Engineering services [54133]","Operating revenue","Dollars","81","millions","6","v99920210","3.1.1","30.3","","","","1"
"2021","Prince Edward Island","2016A000211","Engineering services [54133]","Operating expenses","Dollars","81","millions","6","v99920211","3.1.2","24.2","","","","1"
"2021","Prince Edward Island","2016A000211","Engineering services [54133]","Salaries, wages, commissions and benefits","Dollars","81","millions","6","v99920212","3.1.3","14.1","","","","1"
"2021","Prince Edward Island","2016A000211","Engineering services [54133]","Operating profit margin","Percent","239","units","0","v99920213","3.1.4","20.0","","","","1"
"2021","Nova Scotia","2016A000212","Engineering services [54133]","Operating revenue","Dollars","81","millions","6","v99920214","4.1.1","477.2","","","","1"
"2021","Nova Scotia","2016A000212","Engineering services [54133]","Operating expenses","Dollars","81","millions","6","v99920215","4.1.2","397.4","","","","1"
"2021","Nova Scotia","2016A000212","Engineering services [54133]","Salaries, wages, commissions and benefits","Dollars","81","millions","6","v99920216","4.1.3","207.9","","","","1"
"2021","Nova Scotia","2016A000212","Engineering services [54133]","Operating profit margin","Percent","239","units","0","v99920217","4.1.4","16.7","","","","1"
"2021","New Brunswick","2016A000213","Engineering services [54133]","Operating revenue","Dollars","81","millions","6","v99920218","5.1.1","279.3","","","","1"
"2021","New Brunswick","2016A000213","Engineering services [54133]","Operating expenses","Dollars","81","millions","6","v99920219","5.1.2","236.9","","","","1"
"2021","New Brunswick","2016A000213","Engineering services [54133]","Salaries, wages, commissions and benefits","Dollars","81","millions","6","v99920220","5.1.3","143.5","","","","1"
"2021","New Brunswick","2016A000213","Engineering services [54133]","Operating profit margin","Percent","239","units","0","v99920221","5.1.4","15.2","","","","1"
"2021","Quebec","2016A000224","Engineering services [54133]","Operating revenue","Dollars","81","millions","6","v99920222","6.1.1","6499.5","","","","1"
"2021","Quebec","2016A000224","Engineering services [54133]","Operating expenses","Dollars","81","millions","6","v99920223","6.1.2","6275.4","","","","1"
"2021","Quebec","2016A000224","Engineering services [54133]","Salaries, wages, commissions and benefits","Dollars","81","millions","6","v99920224","6.1.3","2938.1","","","","1"
"2021","Quebec","2016A000224","Engineering services [54133]","Operating profit margin","Percent","239","units","0","v99920225","6.1.4","3.4","","","","1"
"2021","Ontario","2016A000235","Engineering services [54133]","Operating revenue","Dollars","81","millions","6","v99920226","7.1.1","11932.2","","","","1"
"2021","Ontario","2016A000235","Engineering services [54133]","Operating expenses","Dollars","81","millions","6","v99920227","7.1.2","10895.2","","","","1"
"2021","Ontario","2016A000235","Engineering services [54133]","Salaries, wages, commissions and benefits","Dollars","81","millions","6","v99920228","7.1.3","5353.6","","","","1"
"2021","Ontario","2016A000235","Engineering services [54133]","Operating profit margin","Percent","239","units","0","v99920229","7.1.4","8.7","","","","1"
"2021","Manitoba","2016A000246","Engineering services [54133]","Operating revenue","Dollars","81","millions","6","v99920230","8.1.1","535.6","","","","1"
"2021","Manitoba","2016A000246","Engineering services [54133]","Operating expenses","Dollars","81","millions","6","v99920231","8.1.2","471.3","","","","1"
"2021","Manitoba","2016A000246","Engineering services [54133]","Salaries, wages, commissions and benefits","Dollars","81","millions","6","v99920232","8.1.3","264.2","","","","1"
"2021","Manitoba","2016A000246","Engineering services [54133]","Operating profit margin","Percent","239","units","0","v99920233","8.1.4","12.0","","","","1"
"2021","Saskatchewan","2016A000247","Engineering services [54133]","Operating revenue","Dollars","81","millions","6","v99920234","9.1.1","698.6","","","","1"
"2021","Saskatchewan","2016A000247","Engineering services [54133]","Operating expenses","Dollars","81","millions","6","v99920235","9.1.2","633.0","","","","1"
"2021","Saskatchewan","2016A000247","Engineering services [54133]","Salaries, wages, commissions and benefits","Dollars","81","millions","6","v99920236","9.1.3","346.8","","","","1"
"2021","Saskatchewan","2016A000247","Engineering services [54133]","Operating profit margin","Percent","239","units","0","v99920237","9.1.4","9.4","","","","1"
"2021","Alberta","2016A000248","Engineering services [54133]","Operating revenue","Dollars","81","millions","6","v99920238","10.1.1","7752.0","","","","1"
"2021","Alberta","2016A000248","Engineering services [54133]","Operating expenses","Dollars","81","millions","6","v99920239","10.1.2","6959.2","","","","1"
"2021","Alberta","2016A000248","Engineering services [54133]","Salaries, wages, commissions and benefits","Dollars","81","millions","6","v99920240","10.1.3","2903.9","","","","1"
"2021","Alberta","2016A000248","Engineering services [54133]","Operating profit margin","Percent","239","units","0","v99920241","10.1.4","10.2","","","","1"
"2021","British Columbia","2016A000259","Engineering services [54133]","Operating revenue","Dollars","81","millions","6","v99920242","11.1.1","6304.9","","","","1"
"2021","British Columbia","2016A000259","Engineering services [54133]","Operating expenses","Dollars","81","millions","6","v99920243","11.1.2","5839.9","","","","1"
"2021","British Columbia","2016A000259","Engineering services [54133]","Salaries, wages, commissions and benefits","Dollars","81","millions","6","v99920244","11.1.3","2302.5","","","","1"
"2021","British Columbia","2016A000259","Engineering services [54133]","Operating profit margin","Percent","239","units","0","v99920245","11.1.4","7.4","","","","1"
"2021","Yukon","2016A000260","Engineering services [54133]","Operating revenue","Dollars","81","millions","6","v99920246","12.1.1","39.0","","","","1"
"2021","Yukon","2016A000260","Engineering services [54133]","Operating expenses","Dollars","81","millions","6","v99920247","12.1.2","30.7","","","","1"
"2021","Yukon","2016A000260","Engineering services [54133]","Salaries, wages, commissions and benefits","Dollars","81","millions","6","v99920248","12.1.3","12.6","","","","1"
"2021","Yukon","2016A000260","Engineering services [54133]","Operating profit margin","Percent","239","units","0","v99920249","12.1.4","21.2","","","","1"
"2021","Northwest Territories","2016A000261","Engineering services [54133]","Operating revenue","Dollars","81","millions","6","v99920250","13.1.1","77.6","","","","1"
"2021","Northwest Territories","2016A000261","Engineering services [54133]","Operating expenses","Dollars","81","millions","6","v99920251","13.1.2","50.5","","","","1"
"2021","Northwest Territories","2016A000261","Engineering services [54133]","Salaries, wages, commissions and benefits","Dollars","81","millions","6","v99920252","13.1.3","","x","","","1"
"2021","Northwest Territories","2016A000261","Engineering services [54133]","Operating profit margin","Percent","239","units","0","v99920253","13.1.4","35.0","","","","1"
"2021","Nunavut","2016A000262","Engineering services [54133]","Operating revenue","Dollars","81","millions","6","v99920254","14.1.1","9.0","","","","1"
"2021","Nunavut","2016A000262","Engineering services [54133]","Operating expenses","Dollars","81","millions","6","v99920255","14.1.2","4.4","","","","1"
"2021","Nunavut","2016A000262","Engineering services [54133]","Salaries, wages, commissions and benefits","Dollars","81","millions","6","v99920256","14.1.3","","x","","","1"
"2021","Nunavut","2016A000262","Engineering services [54133]","Operating profit margin","Percent","239","units","0","v99920257","14.1.4","51.5","","","","1"
